"store_type","total_sales","pct_total_sales","orders_count"
"Local",4201732.45999987,65.01415999384292,"1"
"Mall Kiosk",706188.70999999,10.926984574783306,"1"
"Outlet",508411.37000000145,7.8667403187945935,"1"
"Super Store",1045395.5799999839,16.17559331585269,"1"
"Web Portal",1067.7700000000002,0.016521796729682268,"1"
